scientific_name_by_db:arctborbryo_gh;species_list:arctborbryo_gh;Blank_1;Blank_2;Blank_3;13-TY-1;13-TY-2;13-TY-5;13-TY-03;13-TY-4;13-TY-6;13-TY-8;13-TY-12;13-TY-11;13-TY-10;13-TY-09;13-TY-15;13-TY-13;13-TY-14;13-TY-16;13-TY-28;13-TY-27;13-TY-26;13-TY-29;13-TY-30;13-TY-31;13-TY-32;13-TY-25;13-TY-17;13-TY-20;13-TY-21;13-TY-23;13-TY-19;13-TY-22;13-TY-24;13-TY-18;NTC_1;NTC_2;NTC_3;Summe;sequence;
Achillea millefolium;['Achillea millefolium'];0;0;0;0;0;0;0;0;0;0;0;0;0;2;0;0;0;0;0;0;0;0;0;0;0;0;0;0;0;0;0;121;0;0;0;0;0;123;atcacgttttccgaaaacaaacaaaggttaagaaagcgaaaagaaaaaaaa;braya humilis
Agrostidinae;[];0;0;0;0;275;75;0;0;26;0;0;0;0;146;0;143;0;11;0;0;0;0;0;0;0;0;0;27;0;696;0;883;16;0;0;0;0;2298;atccgtgttttgagaaaacaaaggggttctcgaatcgaactagaatacaaaggaaaag;
Alnus;['Alnus incana', 'Alnus hirsuta'];0;0;0;0;0;0;0;0;0;0;0;0;0;9;0;5;20;3;10;0;5;0;15;5;6;16;0;3;0;18;0;0;1;0;0;0;0;116;atcctgttttccgaaaacaaataaaacaaattgaagggttcataaagcgagactaaaaaag;
Alnus alnobetula;['Alnus alnobetula'];0;0;0;109;0;0;0;0;0;591;14;19;59;2958;61;11029;8124;1497;2678;5958;1580;688;4521;316;1414;732;345;371;53;3691;0;117;564;30;0;0;0;47520;atcctgttttccgaaaacaaataaaacaaattgaagggttcataaagcgagactaaaaag;
Alyssum obovatum;['Alyssum obovatum'];0;0;0;0;0;0;0;0;0;0;0;0;0;369;0;0;0;86;0;0;0;29;6;39;0;0;0;0;0;0;0;0;0;0;0;0;0;529;atcctggcttacgcgaacaaaccagagtttcaaaagcg;
Andromeda polifolia;['Andromeda polifolia'];0;0;0;0;6;0;0;0;0;0;0;0;0;0;0;0;0;0;0;0;0;0;0;34;5;1;474;496;0;0;6;44;0;0;0;0;0;1066;atcctttttttttggcaaacaaacaaagattccgaaagaaaaaag;
Androsace chamaejasme;['Androsace chamaejasme'];0;0;0;71;0;0;0;0;0;0;0;0;0;52;0;15;0;17;0;0;0;1;57;0;0;0;0;0;1;58;0;6;1;0;0;0;0;279;atcctctttttagaaaacaaagattaaaggaaaataaaataaaaaaggggcg;
Anthemideae;;0;0;0;1347;0;111;0;0;693;2;0;0;0;515;0;524;586;1019;76;0;0;0;432;14;0;2;16;0;2;0;0;653;210;0;0;0;0;6202;;
Apiaceae;['Phlojodicarpus sibiricus', 'Phlojodicarpus villosus', 'Pachypleurum alpinum', 'Heracleum sphondylium', 'Cnidium dubium', 'Seseli libanotis'];0;0;0;0;0;0;0;0;0;1;0;0;0;63;0;0;0;27;0;0;0;0;0;0;0;0;0;0;4;0;0;0;27;0;0;0;0;122;atcctattttacaaaaacaaacaaaggcccagaaggtgaaaaaag;
Arctous;['Arctous alpina', 'Arctous rubra'];0;0;0;14;0;0;0;0;4;0;0;0;0;0;24;0;2;0;0;10;0;0;27;0;40;0;0;0;0;0;0;26;0;0;0;0;0;147;atctttttttttcgaaaataaagaaagattcagaaagcgaaaaaaaag;
Arnica;['Arnica angustifolia', 'Arnica chamissonis', 'Arnica lessingii', 'Arnica lonchophylla', 'Arnica griscomii'];0;0;0;1;0;0;0;0;144;0;0;0;0;0;1;0;0;0;0;0;0;0;35;0;0;0;0;0;0;0;0;0;14;0;0;0;0;195;atcacgttttccgaaaacaaacaaaggttcagaaagcgaaaataaaaaaaag;
Asteraceae;['Hieracium sp. LG-2009', 'Mulgedium pulchellum', 'Mulgedium sibiricum', 'Hieracium caespitosum', 'Saussurea alpina', 'Lactuca tatarica', 'Lactuca sibirica', 'Sonchus arvensis', 'Taraxacum croceum', 'Hieracium alpinum', 'Taraxacum lacerum', 'Hypochaeris maculata', 'Saussurea tilesii'];0;0;0;2749;462;1921;7421;0;1983;1458;79;222;355;3224;1685;4528;2214;1707;3916;584;1921;2154;1093;167;1966;5209;63;114;36;3975;227;4169;982;164;0;0;0;56748;;
Asteroideae;[];0;0;0;537;0;5;22;0;279;2;0;0;1;96;9;575;186;96;68;0;2;1;2;0;3;24;1;0;0;9;1;6;4;0;0;0;0;1929;atcacgttttccgaaaacaagcaaaggttcagaaagcgaaaataaaaaag;
Astragalus;['Astragalus umbellatus', 'Astragalus alpinus'];0;0;0;1276;0;0;0;0;883;302;0;63;0;5;0;144;114;30;0;0;0;0;18;0;0;0;0;0;0;0;0;0;9;0;0;0;0;2844;;
Betula;[];4;0;0;2688;39149;44755;5793;74177;14170;6064;595;1360;951;1332;166;1644;1209;625;10377;219;1542;82;753;12000;22672;15856;540;9492;56;1664;43;57442;953;37;0;0;0;328411;atcctgttttccgaaaacaaataaaacaaatttaagggttcataaagtgagaataaaaaag;
Bistorta;['Bistorta elliptica', 'Bistorta plumosa'];0;0;0;36;36;75;459;0;18;78;0;0;0;51;0;0;1;11;0;0;0;0;0;0;0;0;0;0;0;158;0;0;0;0;0;0;0;923;ctcctgctttacaaaaaggaagaataaaaaag;
Bistorta vivipara;['Bistorta vivipara'];0;0;0;1586;383;915;6366;1263;428;301;271;38;85;94;71;551;657;410;501;0;0;75;522;23;176;0;0;0;39;190;0;1545;154;74;0;0;0;16718;ctcctgctttccaaaaaggaagaataaaaaag;
Braya;['Braya thorild-wulffii', 'Braya glabella'];0;0;0;0;0;0;0;0;0;0;0;189;0;88;0;0;0;58;0;0;218;0;0;0;0;0;0;0;0;0;0;0;0;0;0;0;0;553;;
Cardamine;;0;0;0;0;0;0;0;7082;0;0;0;0;0;0;0;0;0;0;0;0;0;0;0;0;0;0;0;0;0;0;0;0;0;0;0;0;0;7082;;
Carex;['Carex mackenziei', 'Carex tenuiflora', 'Carex marina', 'Carex ursina', 'Carex lapponica', 'Carex loliacea', 'Carex glareosa', 'Carex canescens'];0;0;0;3255;13696;1744;785;296;1267;773;7;370;43;346;170;3644;384;40;111;79;112;5;64;195;34;620;57;225;21;55;146;67;2;42;0;0;0;28655;;
Carex aquatilis;['Carex aquatilis'];0;0;0;3453;64289;1994;1779;2693;1315;481;11;3778;46;158;518;942;97;24;157;364;543;8;97;133;168;877;2;28;2;4;0;1;1;9;0;0;0;83972;atcttctttttgagaaaaagaaatatataaaatatttcttatttcagataagaaataatattttttcttaatctaatattaaa;
Carex lachenalii;;0;0;0;0;0;150;0;0;103;7;0;0;0;0;0;0;0;0;0;0;0;0;0;0;0;0;0;0;0;0;0;0;0;0;0;0;0;260;;
Carex vaginata;['Carex vaginata'];0;0;0;9;0;0;0;0;0;13;0;0;4;42;8;213;0;1;9;0;0;0;0;0;2;0;0;0;0;0;0;0;0;0;0;0;0;301;atcttctttttgataaaaagaaatatatcaaatatttcttatttaagataagaaataatattttttcttatctaatattaaa;
Cassiope tetragona;['Cassiope tetragona'];0;0;0;0;0;0;329;0;0;0;3;0;0;2;243;306;191;0;0;0;0;0;0;0;0;0;0;0;0;0;0;0;0;0;0;0;0;1074;atctttttttttttttttcgctttcaaaatctttgtttgtttgcgaaaaaaaag;
Castilleja;['Castilleja elegans', 'Castilleja rubra', 'Castilleja pallida'];0;0;0;0;0;0;0;0;0;0;0;0;0;0;0;320;0;0;0;0;0;0;12;0;0;0;0;0;0;0;0;0;0;0;0;0;0;332;;
Cerastium;['Cerastium arcticum', 'Cerastium alpinum', 'Cerastium arvense', 'Cerastium regelii', 'Cerastium gorodkovianum', 'Cerastium beeringianum'];0;0;0;0;0;0;0;0;0;0;0;0;0;3;0;0;0;32;0;0;0;0;0;0;0;0;0;0;0;0;0;0;0;0;0;0;0;35;ctccttaattgtctcctaaaaaaaacggattcaaaaagaaagaataaaaaag;
Chamaedaphne calyculata;['Chamaedaphne calyculata'];0;0;0;0;0;0;0;0;0;0;0;0;0;8;0;0;0;17;0;0;52;0;0;1;236;332;3411;1154;0;0;0;599;16;0;0;0;0;5826;atccttttttttggcaaacaaacaaagattccgaaagaaaaaag;
Chamerion angustifolium;['Chamerion angustifolium'];0;0;0;0;0;0;0;0;0;0;0;0;0;0;0;0;172;0;0;0;0;0;0;0;0;0;0;0;0;0;9;1;3;0;0;0;0;185;atcctattttacgaaaaccaacaccggggggttagaaagcgataaaaaaaaaag;
Chrysosplenium;['Chrysosplenium tetrandrum', 'Chrysosplenium wrightii', 'Chrysosplenium alternifolium'];0;0;0;133;0;0;0;0;0;0;2;133;0;4;0;67;0;75;0;0;0;0;0;14;0;0;0;0;4;32;0;0;5;0;0;0;0;469;atcctgttttacgaaaacaaaacacaaaggttcagaaaaagagaataaaaaaaagg;
Convallaria majalis;['Convallaria majalis'];0;0;0;0;0;0;0;0;0;0;0;0;0;0;0;1;0;13;0;0;0;0;0;0;8;0;13;83;0;0;0;116;0;0;0;0;0;234;atctttatttttagaaaaacaagggttttcttttaaaaactagaataaaaagg;
Crepidinae;['Lapsana communis', 'Crepis chrysantha', 'Crepis sibirica', 'Crepis tectorum'];0;0;0;0;0;0;0;0;0;0;0;0;0;0;0;241;0;0;0;0;0;0;0;0;0;0;0;0;0;0;0;0;6;0;0;0;0;247;atcacgttttccgaaaacaaacaaagattcagaaagcgaaaatcaaaaag;
Delphinium;;0;0;0;297;0;0;0;0;0;0;0;0;0;0;0;0;0;0;0;0;0;0;0;0;0;0;0;0;0;0;0;0;0;0;0;0;0;297;;
Draba;;0;0;0;97;0;65;0;0;0;0;0;0;0;53;0;0;0;14;0;0;0;0;6;0;0;0;0;0;0;0;0;0;0;0;0;0;0;235;;
Dryas;['Dryas ajanensis', 'Dryas grandis', 'Dryas punctata', 'Dryas drummondii', 'Dryas integrifolia', 'Dryas octopetala', 'Dryas incisa'];0;0;0;18396;6496;16579;5959;0;53160;5060;270;0;160;5899;256;17059;7566;6286;2982;60;142;1567;9992;98;684;0;0;0;171;1819;0;6068;3622;70;0;0;0;170421;atcctgttttatgaaaacaaacaagggtttcagaaagcgcgaataaaaagg;
Empetrum;['Empetrum sibiricum', 'Empetrum nigrum', 'Empetrum subholarcticum'];0;0;0;62;0;0;0;0;362;46;0;0;0;5;32;260;639;0;0;0;0;0;80;15;340;0;0;0;0;0;0;0;0;0;0;0;0;1841;atcctttatttggcaaacaaacaaagattccgaaagctaaaaaaag;
Epilobium;['Epilobium collinum', 'Epilobium montanum', 'Epilobium ciliatum', 'Epilobium davuricum', 'Epilobium hornemannii', 'Epilobium lactiflorum', 'Epilobium palustre', 'Epilobium leptophyllum'];0;0;0;0;0;0;43;171;0;0;25;686;0;80;0;11;308;21;30;9;0;49;119;717;226;348;0;104;0;224;0;165;21;0;0;0;0;3357;atcctattttacgaaaaccagcaccgggggtttagaaagcgatcaaaaaaaag;
Eriophorum;['Eriophorum russeolum', 'Eriophorum scheuchzeri'];0;0;0;1383;3264;106;52;53;75;108;1;261;3;382;37;773;146;8;42;7;42;3;7;63;48;612;12;13;2;9;14;19;0;0;0;0;0;7545;;
Eritrichium;['Eritrichium aretioides', 'Eritrichium splendens', 'Eritrichium villosum', 'Eritrichium sericeum'];0;0;0;161;0;0;0;0;0;1;0;0;0;127;32;140;364;698;0;0;0;57;47;0;0;0;0;0;0;0;0;76;223;0;0;0;0;1926;atccggttttccgaaaacaaaagttgaaaaagaaaaag;
Eutrema edwardsii;['Eutrema edwardsii'];0;0;0;0;0;0;15;0;0;0;15;0;0;0;0;0;0;0;0;0;0;0;0;0;0;0;0;0;0;0;0;0;0;0;0;0;0;30;atcctagtttacgcgaacaaaccagagtttagaaagcgagaaaaaagg;
Galium;['Galium palustre', 'Galium trifidum', 'Galium labradoricum'];0;0;0;0;0;0;0;0;0;0;0;0;0;0;0;0;0;0;0;0;0;0;0;0;0;0;0;19;0;0;0;677;0;0;0;0;0;696;atcctattttccgaaaacaaaggtttagaaagtgaaaaaggg;
Geum;['Geum rivale', 'Geum macrophyllum', 'Geum glaciale', 'Geum aleppicum', 'Geum rossii', 'Geum urbanum'];0;0;0;81;0;0;0;0;0;0;0;0;0;0;0;0;0;0;0;0;0;0;32;0;0;0;0;0;0;0;0;0;16;0;0;0;0;129;atcccgttttatgaaaagaaacaagggtttcagaacgcgagaataaataaag;
Hedysarum boreale;['Hedysarum boreale'];0;0;0;0;0;0;0;0;0;0;0;0;0;0;0;232;0;0;0;0;0;0;9;0;0;0;0;0;0;0;0;0;6;0;0;0;0;247;atcctgctttccaaaaacaaacaaataaaagttcagaaagtaaaaataaaaaaag;
Hedysarum hedysaroides;['Hedysarum hedysaroides'];0;0;0;0;0;0;0;0;0;0;0;0;0;35;0;0;0;15;0;0;0;0;15;0;0;0;0;0;0;0;0;0;1;0;0;0;0;66;atcctgctttccgaaaacaaacaaataaaagttcagcaaagtaaaaataaaaaaaag;
Hedysarum hedysaroides subsp. arcticum;['Hedysarum hedysaroides'];0;0;0;0;0;0;0;0;0;0;0;0;0;0;0;0;0;0;0;0;0;0;23;0;0;0;0;0;0;0;0;0;5;0;0;0;0;28;atcctgctttccgaaaacaaacaaataaaagtttagcaaagtaaaaataaaaaaaag;
Hulteniella integrifolia;['Hulteniella integrifolia'];0;0;0;0;0;0;0;0;0;0;0;0;0;13;0;32;22;39;1;0;0;0;14;0;1;0;2;0;0;0;0;13;3;0;0;0;0;140;atcacgttttccgaaaacaaacaaaggttcagaaagcgaaaagaaaaaaa;
Juniperus;['Juniperus horizontalis', 'Juniperus communis'];0;0;0;0;0;0;0;0;0;0;0;0;177;0;0;0;0;0;0;0;0;0;0;0;0;0;0;0;0;0;0;0;0;110;0;0;0;287;atccgatttctagagacaatagtttcctttccgagaacgg;
Kobresia;['Kobresia myosuroides', 'Kobresia sibirica'];0;0;0;78;0;0;0;0;0;0;0;0;0;1;0;0;12;2;0;0;0;0;0;0;0;0;0;0;0;0;0;0;0;0;0;0;0;93;atcttctttttgagaaaaagaaatatataaaatatttcttatttcatataagaaatattttatttcttatctaatattaaa;
Lagotis glauca;['Lagotis glauca'];0;0;0;303;422;74;156;0;0;0;0;0;0;29;0;0;0;81;0;0;0;0;0;0;0;0;122;0;0;0;0;257;118;0;0;0;0;1562;atcccgtcttctaaaaacaaaggttcagaaagcgaaagg;
Larix;['Larix cajanderi', 'Larix dahurica', 'Larix laricina', 'Larix sibirica'];0;0;0;283;0;0;86;0;228;1;42;11;142;4103;3371;5593;6264;1745;6463;1371;1832;2577;4073;1221;8112;2483;13137;2684;129;11853;1235;23404;1795;121;0;0;0;104359;atccggttcatggagacaatggtttcttctcctaggataggaaggg;
Luzula;['Luzula confusa', 'Luzula wahlenbergii', 'Luzula nivalis', 'Luzula arcuata'];0;0;0;107;0;0;0;176;22;0;0;0;0;14;1;141;0;0;0;0;0;0;0;0;0;0;0;0;0;0;0;0;0;0;0;0;0;461;atcttaatctggagaaaatgtgtttctctataaaaactagaatcaaaaag;
Micranthes nelsoniana;['Micranthes nelsoniana'];0;0;0;42;0;21;57;0;0;18;0;0;0;21;0;0;103;4;37;0;7;0;42;16;0;0;0;0;0;0;0;0;0;0;0;0;0;368;atcctgttttacgaaaaaaaaaaaaag;
Minuartia;;0;0;0;0;0;0;0;0;0;0;0;0;0;1;0;74;0;3;0;0;0;0;0;0;0;0;0;0;0;5;0;0;0;0;0;0;0;83;;
Muhlenbergia richardsonis;['Muhlenbergia richardsonis'];0;0;0;106;0;0;0;21661;0;0;0;0;58;0;66;0;167;21;0;0;0;71;0;0;0;975;202;0;0;397;45;0;4;0;0;0;0;23773;atcccttttttgaaaaacaagtggttctcaaactagaacccaaaggaaaag;
Myosotis;['Myosotis scorpioides', 'Myosotis laxa'];0;0;0;0;0;0;0;0;0;0;0;0;0;0;0;0;0;0;0;0;0;0;0;0;0;0;0;0;6;255;0;0;14;0;0;0;0;275;atccggttttccgaaaacaaacaaaagttgaaaaagaaaaaaggaag;
Myosotis alpestris;['Myosotis alpestris'];0;0;0;480;0;0;0;0;0;0;0;0;0;8;0;0;0;22;0;0;0;0;19;0;0;0;0;0;0;0;0;380;190;0;0;0;0;1099;atccggttttccgaaaacaaaagttgaaaaagaaaaaaggaaggag;
Oxycoccus quadripetalus;['Oxycoccus quadripetalus'];0;0;0;0;0;0;0;0;0;0;0;0;0;0;0;0;0;0;0;0;0;0;0;0;0;0;0;28;0;0;0;0;0;0;0;0;0;28;atccttttttttggcaaaccaataaagattccgaaagaaataagg;
Oxyria digyna;['Oxyria digyna'];0;0;0;433;0;4;1228;0;29;0;0;0;0;74;0;187;0;107;0;0;0;0;0;0;0;0;0;0;0;0;0;168;62;0;0;0;0;2292;ctccttcgtccaaaaggaagaataaaaaag;
Oxytropis;['Oxytropis campestris', 'Oxytropis jordalii', 'Oxytropis leucantha', 'Oxytropis mertensiana', 'Oxytropis middendorffii', 'Oxytropis sordida', 'Oxytropis varians', 'Oxytropis arctica', 'Oxytropis gorodkovii', 'Oxytropis bryophila', 'Oxytropis scheludjakoviae', 'Oxytropis borealis', 'Oxytropis maydelliana'];0;0;0;191;0;0;0;0;400;1;0;0;0;31;0;240;0;25;0;0;0;0;0;0;0;0;21;0;0;0;0;18;8;0;0;0;0;935;atcctgctttccgaaaacaaaaaaataaaagttcagaaagttaaaatgaaacaaataaag;
Pachypleurum alpinum;['Pachypleurum alpinum'];0;0;0;28;0;0;0;0;0;0;0;0;0;148;0;0;0;35;0;0;0;0;0;0;0;0;0;0;0;0;0;0;46;0;0;0;0;257;atcctattttacaaaaacaaacaaaggcccagaaggtgaaacaaag;
Papaver;[];0;0;0;1339;0;109;0;0;10;56;12;0;0;402;0;551;752;315;0;0;0;0;462;19;0;244;0;0;13;0;0;9;46;0;0;0;0;4339;atcctgttttcagaaaacaaattaagggatttctgaaagcgagaataaaaaaag;
Parrya;['Parrya arctica', 'Parrya nudicaulis'];0;0;0;255;0;0;0;0;0;0;0;0;0;59;0;189;0;0;0;0;0;0;30;0;0;0;0;0;0;0;0;0;0;0;0;0;0;533;atcctggtttacgcgaactaaccagagtttataaagcgagaaaaagg;
Pedicularis;['Pedicularis alopecuroides', 'Pedicularis langsdorffii'];0;0;0;358;1034;202;236;2139;248;84;222;53;0;22;0;3;0;22;0;1;0;0;50;12;21;45;2;0;0;0;0;54;0;0;0;0;0;4808;;
Pedicularis capitata;['Pedicularis capitata'];0;0;0;437;0;28;200;0;866;350;27;9;0;1;0;1;44;0;0;0;0;0;9;0;13;0;26;0;0;0;0;0;0;0;0;0;0;2011;atcctctttttttttcaaaacaaaggttcagaaaacgaaaaaag;
Pedicularis lanata;;0;0;0;0;35;0;0;0;2;0;0;0;0;0;0;0;0;0;0;0;0;0;0;0;0;0;0;0;0;0;0;0;0;0;0;0;0;37;;
Pedicularis lapponica;['Pedicularis lapponica'];0;0;0;61;0;45;14;0;46;50;0;0;0;45;10;127;165;0;0;0;0;5;3;5;4;0;0;0;0;0;0;0;0;0;0;0;0;580;atcttcttttttttttcaaaaaaaagggttagaaaacgaaaaaaaaaaa;
Pedicularis oederi;;0;0;0;482;24;11;0;0;539;47;0;0;0;8;0;0;0;21;0;0;0;0;0;0;0;0;0;0;0;0;0;0;0;0;0;0;0;1132;;
Pedicularis pacifica;['Pedicularis pacifica'];0;0;0;55;71;0;27;1110;0;13;56;3;0;1;0;0;0;2;122;74;126;0;21;260;47;2;72;0;0;0;0;547;5;0;0;0;0;2614;atcttctttttttttcaaaacaaaggtttcgaaaacgaaaaaag;
Pedicularis pennellii;['Pedicularis pennellii'];0;0;0;0;0;0;0;0;0;0;0;0;0;0;0;0;0;0;0;14;0;0;0;14;0;0;0;0;0;0;0;0;0;0;0;0;0;28;atcttttttttttcaaaacaaagggttagaaaacgaaaaaaaag;
Pedicularis sceptrum-carolinum;['Pedicularis sceptrum-carolinum'];0;0;0;13;0;0;5;0;35;3;0;21;0;8;0;0;175;0;0;0;0;0;21;0;81;0;0;0;0;0;0;0;0;0;0;0;0;362;atcctcttttttttttcaaaacaaaggttcagaaaacgaaaaaag;
Pedicularis tristis;['Pedicularis tristis'];0;0;0;11;0;0;0;0;0;0;0;0;0;0;0;0;0;3;0;0;0;0;0;0;0;0;0;0;0;0;0;0;8;0;0;0;0;22;atcttctttttttttttcaaaacaaaggttcagaaaacgaaaaaaag;
Pedicularis verticillata;;0;0;0;347;0;0;0;0;0;0;0;0;0;15;0;0;0;0;0;0;0;0;0;0;0;0;0;0;0;0;0;0;0;0;0;0;0;362;;
Pinus;['Pinus pumila', 'Pinus sylvestris'];0;0;0;0;0;0;17449;0;0;0;69;0;0;0;0;40;0;108;0;0;0;19;2;0;0;0;0;199;0;0;0;0;0;0;0;0;0;17886;atccggttcatgaagacaatgtttcttctcctaagataggaaggg;
Poeae;['Deschampsia anadyrensis', 'Deschampsia sukatschewii', 'Deschampsia cespitosa', 'Deschampsia obensis', 'Calamagrostis lapponica', 'Deschampsia brevifolia'];0;0;0;0;0;0;0;0;0;0;0;0;0;0;0;0;146;0;0;109;0;0;0;0;0;0;0;0;0;0;0;0;11;0;0;0;0;266;atccatgttttgagaaaacaagggggttctcgaactagaatgcaaaggaaaag;
Poinae;['Arctophila fulva', 'Dupontia fisheri'];0;0;0;1066;12437;549;4096;0;272;756;22337;66005;4714;273;80;15508;5969;2884;15658;443;255;22;85;7074;7025;19637;0;0;13;0;0;0;39;1;0;0;0;187198;atccgtgttttgagaaaacaagggggttctcgaactagaatacaaaagaaaag;
Populus;['Populus suaveolens', 'Populus tremula', 'Populus tremuloides'];0;0;0;0;0;0;0;0;60;0;0;0;0;0;0;0;0;0;0;0;0;0;0;0;0;0;0;0;0;260;0;1170;4;0;0;0;0;1494;atcctatttttcgaaaacaaacaaaaaaacaaacaaaggttcataaagacagaataagaatacaaaag;
Puccinellia;[];0;0;0;0;0;0;0;0;0;0;0;0;0;0;0;0;0;28;0;0;0;0;0;0;0;0;0;0;0;0;0;0;0;0;0;0;0;28;atccgtgttttgagaaaacctgggggttctcgaactagaatacaaaggaaaag;
Pyrola grandiflora;['Pyrola grandiflora'];0;0;0;414;0;88;277;0;8;14;11;0;0;744;9;1098;2180;232;199;0;7;26;315;14;32;0;0;0;0;0;0;0;10;0;0;0;0;5678;atcctttttttttttgaaatttttgtttgttttcgaaaaaaagg;
Pyrola rotundifolia;['Pyrola rotundifolia'];0;0;0;70;0;6;57;0;1;0;0;0;0;85;1;231;157;18;7;5;0;2;21;1;12;0;0;0;0;0;0;0;0;0;0;0;0;674;atcctttttttttgaaatttttgtttgttttcgaaaaaaagg;
Ranunculaceae;['Coptidium pallasii', 'Ranunculus lapponicus'];0;0;0;62;0;0;0;3432;0;0;356;18769;120;2680;0;1905;132;767;3049;499;379;0;70;1475;5562;34274;0;0;19;779;0;2045;62;0;0;0;0;76436;atcctgctttcagaaaacaaaaaagggggtccagaaagcaagaatagg;
Ranunculus;;0;0;0;919;384;3;0;0;16;4;569;658;9312;31;250;1883;0;68;0;21;0;0;5;6;30;0;7;0;0;629;0;209;387;0;0;0;0;15391;;
Ranunculus arcticus;['Ranunculus arcticus'];0;0;0;0;0;0;0;0;0;1;0;0;0;0;0;149;0;18;0;0;0;0;0;0;0;0;0;0;0;0;0;0;3;0;0;0;0;171;atcctgctttcagaaaacaaaaaaaaggggggattcagaaagcgaaaatagg;
Ranunculus pygmaeus;;0;0;0;153;0;51;0;0;162;11;0;0;0;0;0;0;0;0;0;0;0;0;0;0;0;0;0;0;0;0;0;0;0;0;0;0;0;377;;
Ranunculus reptans;['Ranunculus reptans'];0;0;0;71;0;0;0;0;0;0;391;6;0;6;256;1480;0;0;0;0;0;0;0;0;0;0;7;0;0;0;0;0;0;0;0;0;0;2217;atcctgctttcagaaaacaaaaaggggggttcagaaagcaaaaaaaaaaaaaag;
Ranunculus sceleratus;['Ranunculus sceleratus'];0;0;0;54;620;0;0;0;0;0;3;250;289;2;0;207;0;14;0;2;0;0;9;11;75;0;0;0;0;1345;0;619;0;0;0;0;0;3500;;
Rhodiola rosea;['Rhodiola rosea'];0;0;0;18;0;0;0;0;0;0;0;0;0;4;0;0;0;4;0;0;0;0;15;0;0;0;0;0;0;0;0;0;11;0;0;0;0;52;atcttcttttccgaaaccaaacccaaatacaggggttcaaaaagcgcgaataaaaaag;
Rhododendron;['Rhododendron tomentosum', 'Rhododendron groenlandicum'];0;0;0;1690;192;430;2743;619;1437;366;78;20;1016;6514;150;14095;10646;2459;6233;196;603;163;3123;4078;8079;4482;27;8909;56;2478;267;4102;837;55;0;0;0;86143;atccttttttcgcaaacaaacaaagattccgaaagctaaaaaaagg;
Rhododendron lapponicum;['Rhododendron lapponicum'];0;0;0;7;2;1;34;0;9;1;2;0;2;84;2;88;195;11;160;1;4;3;33;20;354;605;0;76;0;77;0;241;25;0;0;0;0;2037;atccttttttcgcaaacaaacaaagattccgaaagctaaaaaaaag;
Ribes;['Ribes spicatum', 'Ribes triste'];0;0;0;0;0;0;0;0;0;0;0;0;0;15;0;0;0;14;208;13;0;0;25;11;0;0;0;0;0;0;0;0;7;0;0;0;0;293;atcctgctttccgaaaacaaacaaaacacaagggttcagaaagagaaataaaaaag;
Rosoideae;[];0;0;0;158;1929;0;2;4184;0;0;78;169;1592;1798;0;1407;1245;586;1868;417;530;0;128;3143;3754;5629;47;10712;31;2532;292;6582;988;3;0;0;0;49804;atcccgttttatgaaaacaaacaagggtttcagaaagcgagaataaataaag;
Rubus;['Rubus sachalinensis', 'Rubus idaeus'];0;0;0;10;114;0;0;8;0;0;1;0;3;210;0;86;55;83;306;5;14;0;20;23;31;6;0;18;0;107;0;285;101;0;0;0;0;1486;atcctgttttatgaaaacaaacaagggtttcagaaagcgagaataaataaag;
Rumex;['Rumex longifolius', 'Rumex aquaticus', 'Rumex confertus', 'Rumex maritimus', 'Rumex pallidus', 'Rumex pseudonatronatus', 'Rumex sibiricus', 'Rumex arcticus', 'Rumex graminifolius', 'Rumex thyrsiflorus', 'Rumex hultenii', 'Rumex acetosa', 'Rumex acetosella'];0;0;0;0;0;0;0;0;0;11;41;0;0;0;0;0;0;0;0;0;0;0;18;0;0;0;0;0;0;0;0;0;18;0;0;0;0;88;ctcctcctttccaaaaggaagaataaaaaag;
Saliceae;[];2;0;0;139798;155986;48787;47864;32240;30926;43138;57111;42505;27013;40583;8712;115602;77276;53173;71911;19602;43476;17053;42776;32241;156359;77028;9435;21107;5655;55940;930;135301;44361;943;0;0;0;1654839;atcctatttttcgaaaacaaacaaaggttcataaagacagaataagaatacaaaag;
Sambucus;['Sambucus sibirica', 'Sambucus racemosa'];0;0;0;3;206;13;68;0;16;5;0;0;1;26;2;20;4;37;42;10;111;44;12;15;83;292;158;399;0;82;1;287;244;0;0;0;0;2181;atcctgttttccgaaaacaaacaaaggttcagaaagcgaaaataaaaaag;
Saussurea;['Saussurea alpina', 'Saussurea parviflora', 'Saussurea nuda', 'Saussurea angustifolia'];0;0;0;1;0;0;0;0;0;2;0;0;0;9;0;0;0;114;0;0;0;0;0;0;0;0;0;0;0;0;0;736;274;0;0;0;0;1136;atcacgttttccgaaaacaaacaaaggttcagaaagcgaaaatccaaaag;
Saxifraga;['Saxifraga cernua', 'Saxifraga radiata', 'Saxifraga rivularis', 'Saxifraga hyperborea', 'Saxifraga bracteata'];0;0;0;185;4;76;95;0;42;54;0;225;52;38;6;321;0;19;35;0;44;0;43;7;246;1609;0;0;0;161;0;247;0;0;0;0;0;3509;;
Saxifraga hirculus;['Saxifraga hirculus'];0;0;0;677;906;0;569;0;215;0;6;7;0;24;0;131;0;10;78;44;49;0;52;203;150;0;0;0;3;0;0;436;20;0;0;0;0;3580;atcctgttttaagaaaacaaaacacaagggttccgaaagagagaataaaaaag;
Saxifraga oppositifolia;['Saxifraga oppositifolia'];0;0;0;342;0;0;0;0;116;0;0;0;0;0;0;61;142;0;0;0;0;0;0;0;0;0;0;0;0;0;0;0;2;0;0;0;0;663;atcctgttttaagaaagcaaaacacaagggttcagaaaaagcgaataaaaaaaag;
Saxifraga porsildiana;['Saxifraga porsildiana'];0;0;0;153;0;45;296;0;0;12;3;0;0;28;0;0;92;5;38;0;48;0;31;34;0;0;0;0;0;0;0;0;0;0;0;0;0;785;atcctgttttacgaaaaaaaaaaaag;
Saxifragaceae;['Saxifraga tenuis', 'Micranthes nivalis'];0;0;0;82;0;0;225;0;3;11;14;0;0;82;0;106;0;28;0;42;224;0;0;0;9;0;0;0;0;0;0;0;0;0;0;0;0;826;;
Senecioninae;;0;0;0;41;3;3;1;0;5;0;0;0;0;31;0;10;47;40;1;0;0;0;17;0;1;0;4;0;0;4;0;41;27;0;0;0;0;276;;
Silene;;0;0;0;112;0;0;0;0;0;0;0;0;0;6;0;0;0;14;0;0;0;0;0;0;0;0;0;0;0;0;0;0;0;0;0;0;0;132;;
Sium suave;['Sium suave'];0;0;0;0;0;0;0;0;0;0;0;0;0;0;0;0;0;0;0;0;0;0;0;0;0;0;0;83;0;0;0;463;0;0;0;0;0;546;atcctgttttcaaaaaacaaagaaaggggcagaaggtgaaaaaag;
Stellaria;['Stellaria longipes', 'Stellaria calycantha', 'Stellaria fischeriana', 'Stellaria palustris', 'Stellaria umbellata', 'Stellaria crassifolia'];0;0;0;32;0;0;0;0;0;0;0;0;0;23;10;0;0;12;0;0;0;0;0;6;27;0;0;0;0;88;0;276;0;0;0;0;0;474;ctccttaaatcgtctcctaaaaaaaaacggattcaaaaagcaagaataaaaaag;
Stellaria borealis;['Stellaria borealis'];0;0;0;1;0;0;0;0;0;0;0;0;0;3;1;0;0;0;0;0;0;0;0;0;1;0;0;0;0;5;0;24;0;0;0;0;0;35;ctccttaaatcgtctcctaaaaaaaacggattcaaaaagcaagaataaaaaag;
Stellaria longifolia;['Stellaria longifolia'];0;0;0;0;0;0;0;0;0;0;0;0;0;1;0;0;0;0;0;0;0;0;0;0;0;0;0;0;0;3;0;8;0;0;0;0;0;12;ctccttaaatcgtctcctaaaaaaaaaacggattcaaaaagcaagaataaaaaag;
Tephroseris;['Tephroseris palustris', 'Tephroseris yukonensis', 'Tephroseris atropurpurea', 'Tephroseris congesta', 'Tephroseris integrifolia', 'Tephroseris frigida', 'Tephroseris kjellmanii', 'Tephroseris lindstroemii'];0;0;0;1;61;1;464;0;0;0;0;72;0;99;35;1483;0;4249;19;84;0;0;17;8;247;265;0;10;8;7179;0;4954;7;0;0;0;0;19263;atcacgttttccgaaaacaaacaaaggttcagaaaacgaaaataaaaaag;
Thalictrum;['Thalictrum alpinum', 'Thalictrum minus', 'Thalictrum flavum', 'Thalictrum simplex', 'Thalictrum foetidum', 'Thalictrum venulosum', 'Thalictrum sparsiflorum'];0;0;0;142;0;0;0;0;0;0;0;0;0;9;0;0;0;0;0;0;29;34;18;0;0;0;0;0;0;0;0;0;0;0;0;0;0;232;atcctggtttcagaaaacaaaaaaggggttcagaaagcaagaatacaaaaagaaaag;
Thymus;['Thymus oxyodontus', 'Thymus serpyllum', 'Thymus praecox'];0;0;0;0;0;0;0;0;0;0;0;0;0;0;0;0;0;0;0;0;0;0;0;0;0;0;0;0;0;0;0;0;58;0;0;0;0;58;atcctgttttctcaaaacaaag;
Tofieldia coccinea;;0;0;0;157;0;0;0;0;0;0;0;0;0;0;0;0;0;0;0;0;0;0;0;0;0;0;0;0;0;0;0;0;0;0;0;0;0;157;;
Vaccinium microcarpum;['Vaccinium microcarpum'];0;0;0;0;0;0;0;0;0;0;0;0;0;0;0;0;0;0;0;0;0;0;0;0;0;0;0;394;0;0;0;0;0;0;0;0;0;394;atcctttttttttggcaaaccaataaagattccgaaagaaataagg;
Vaccinium myrtillus;['Vaccinium myrtillus'];0;0;0;0;0;0;0;0;0;0;0;0;0;5;0;4;0;0;0;0;0;0;1;0;3;0;0;1;0;0;0;0;0;0;0;0;0;14;atccttttttttttggcaaacaaataaagattccgaaagaaaaaagg;
Vaccinium uliginosum;['Vaccinium uliginosum'];0;0;0;785;363;1559;273;775;1136;1204;125;0;519;3082;309;8757;4713;351;6044;148;331;47;822;854;5598;610;33;2717;23;200;0;657;220;20;0;0;0;42275;atccttctttttggcaaacaaataaagattccgaaagaaataagg;
Vaccinium vitis-idaea;['Vaccinium vitis-idaea'];0;0;0;332;249;144;272;0;717;306;1;0;1729;1328;83;3768;4267;580;1383;10;9;20;456;26;785;487;33;219;1;203;25;163;66;31;0;0;0;17693;atccttttttttttggcaaacaaataaagattccgaaagaaaaaaaaagg;
Valeriana;['Valeriana septentrionalis', 'Valeriana capitata', 'Valeriana sambucifolia', 'Valeriana transjenisensis'];0;0;0;842;0;2;210;0;59;131;1;0;0;65;0;133;0;17;118;0;91;38;607;0;0;0;0;0;0;82;0;0;13;0;0;0;0;2409;atccggtttttgttttccgaaaacaaacaaaggctaaaatcaaaaaag;
;;;;;;;;;;;;;;;;;;;;;;;;;;;;;;;;;;;;;;;;;
;;;;;;;;;;;;;;;;;;;;;;;;;;;;;;;;;;;;;;;;;
